objective_id,indicator_id,model,outcome,n_obs,n_events,n_clusters,signal_sd_within,odds_ratio,ci_low,ci_high,p_value,q_value,note
NEW_HIRE_6M,economic_sentiment,naive,exit within 6 months of hire,1808,232,322,5.99104,1.05946,0.943861,1.18921,0.327184,,""
NEW_HIRE_6M,economic_sentiment,within_country,exit within 6 months of hire,1808,232,322,5.99104,1.06817,0.93955,1.21439,0.313743,0.784357,""
NEW_HIRE_6M,gdp_growth,naive,exit within 6 months of hire,1808,232,322,5.10377,0.991157,0.870691,1.12829,0.893133,,""
NEW_HIRE_6M,gdp_growth,within_country,exit within 6 months of hire,1808,232,322,5.10377,1.00138,0.872845,1.14885,0.984275,0.984275,""
NEW_HIRE_6M,hicp_inflation_first_release,naive,exit within 6 months of hire,1808,232,322,3.97837,1.04104,0.921703,1.17584,0.517308,,""
NEW_HIRE_6M,hicp_inflation_first_release,within_country,exit within 6 months of hire,1808,232,322,3.97837,1.04193,0.916028,1.18515,0.531869,0.797804,""
NEW_HIRE_6M,job_vacancy_rate,naive,exit within 6 months of hire,1808,232,322,0.387651,0.985558,0.891635,1.08938,0.775887,,""
NEW_HIRE_6M,job_vacancy_rate,within_country,exit within 6 months of hire,1808,232,322,0.387651,0.984147,0.852187,1.13654,0.827786,0.979428,""
NEW_HIRE_6M,unemployment_rate,naive,exit within 6 months of hire,1808,232,322,1.19378,1.00211,0.951089,1.05587,0.936935,,""
NEW_HIRE_6M,unemployment_rate,within_country,exit within 6 months of hire,1808,232,322,1.19378,1.00647,0.827457,1.2242,0.948564,0.984275,""
REGRETTED_TURNOVER_12M,economic_sentiment,naive,regretted exit in the month (per person-month at risk),65184,217,360,5.78136,0.87441,0.768016,0.995543,0.0426175,,""
REGRETTED_TURNOVER_12M,economic_sentiment,within_country,regretted exit in the month (per person-month at risk),65184,217,360,5.78136,0.817544,0.677699,0.986246,0.0353212,0.529818,""
REGRETTED_TURNOVER_12M,gdp_growth,naive,regretted exit in the month (per person-month at risk),65184,217,360,4.88256,0.898445,0.791764,1.0195,0.0968142,,""
REGRETTED_TURNOVER_12M,gdp_growth,within_country,regretted exit in the month (per person-month at risk),65184,217,360,4.88256,0.886709,0.772913,1.01726,0.0862038,0.646528,""
REGRETTED_TURNOVER_12M,hicp_inflation_first_release,naive,regretted exit in the month (per person-month at risk),65184,217,360,3.85582,0.913645,0.79924,1.04443,0.18579,,""
REGRETTED_TURNOVER_12M,hicp_inflation_first_release,within_country,regretted exit in the month (per person-month at risk),65184,217,360,3.85582,0.887259,0.752717,1.04585,0.153965,0.769825,""
REGRETTED_TURNOVER_12M,job_vacancy_rate,naive,regretted exit in the month (per person-month at risk),65184,217,360,0.380929,0.960413,0.881709,1.04614,0.354489,,""
REGRETTED_TURNOVER_12M,job_vacancy_rate,within_country,regretted exit in the month (per person-month at risk),65184,217,360,0.380929,0.933216,0.776647,1.12135,0.460731,0.797804,""
REGRETTED_TURNOVER_12M,unemployment_rate,naive,regretted exit in the month (per person-month at risk),65184,217,360,1.24297,0.969901,0.907996,1.03603,0.363771,,""
REGRETTED_TURNOVER_12M,unemployment_rate,within_country,regretted exit in the month (per person-month at risk),65184,217,360,1.24297,1.10512,0.844723,1.4458,0.465938,0.797804,""
SENIOR_HIRE_12M,economic_sentiment,naive,exit within 12 months of hire,266,57,171,6.40514,1.09095,0.808423,1.47222,0.56919,,""
SENIOR_HIRE_12M,economic_sentiment,within_country,exit within 12 months of hire,266,57,171,6.40514,1.17064,0.886742,1.54543,0.266244,0.784357,""
SENIOR_HIRE_12M,gdp_growth,naive,exit within 12 months of hire,266,57,171,5.23429,0.854383,0.641362,1.13816,0.28213,,""
SENIOR_HIRE_12M,gdp_growth,within_country,exit within 12 months of hire,266,57,171,5.23429,0.843758,0.613025,1.16134,0.297269,0.784357,""
SENIOR_HIRE_12M,hicp_inflation_first_release,naive,exit within 12 months of hire,266,57,171,4.08007,1.03854,0.764447,1.41092,0.80885,,""
SENIOR_HIRE_12M,hicp_inflation_first_release,within_country,exit within 12 months of hire,266,57,171,4.08007,1.03021,0.758608,1.39905,0.848838,0.979428,""
SENIOR_HIRE_12M,job_vacancy_rate,naive,exit within 12 months of hire,266,57,171,0.359937,0.949415,0.772753,1.16646,0.621195,,""
SENIOR_HIRE_12M,job_vacancy_rate,within_country,exit within 12 months of hire,266,57,171,0.359937,1.04488,0.718215,1.52013,0.818452,0.979428,""
SENIOR_HIRE_12M,unemployment_rate,naive,exit within 12 months of hire,266,57,171,1.21335,0.994899,0.887903,1.11479,0.929799,,""
SENIOR_HIRE_12M,unemployment_rate,within_country,exit within 12 months of hire,266,57,171,1.21335,1.16426,0.733378,1.84828,0.518968,0.797804,""
