indicator_id,lens,country_code,release_code,frequency,first_period_start,last_period_end,values_present,gaps,source_updated,loaded_at
economic_sentiment,economic_cycle,BG,,M,2019-01-01,2026-08-31,92,0,2026-08-28T11:00:00+0200,2026-09-28T01:56:21+00:00
economic_sentiment,economic_cycle,GR,,M,2019-01-01,2026-08-31,92,0,2026-08-28T11:00:00+0200,2026-09-28T01:56:21+00:00
economic_sentiment,economic_cycle,IE,,M,2019-01-01,2026-08-31,92,0,2026-08-28T11:00:00+0200,2026-09-28T01:56:21+00:00
economic_sentiment,economic_cycle,IT,,M,2019-01-01,2026-08-31,91,1,2026-08-28T11:00:00+0200,2026-09-28T01:56:21+00:00
economic_sentiment,economic_cycle,PL,,M,2019-01-01,2026-08-31,92,0,2026-08-28T11:00:00+0200,2026-09-28T01:56:21+00:00
economic_sentiment,economic_cycle,RO,,M,2019-01-01,2026-08-31,92,0,2026-08-28T11:00:00+0200,2026-09-28T01:56:21+00:00
gdp_growth,economic_cycle,BG,,A,2019-01-01,2025-12-31,7,0,2026-07-13,2026-09-28T01:56:29+00:00
gdp_growth,economic_cycle,GR,,A,2019-01-01,2025-12-31,7,0,2026-07-13,2026-09-28T01:56:29+00:00
gdp_growth,economic_cycle,IE,,A,2019-01-01,2025-12-31,7,0,2026-07-13,2026-09-28T01:56:29+00:00
gdp_growth,economic_cycle,IT,,A,2019-01-01,2025-12-31,7,0,2026-07-13,2026-09-28T01:56:29+00:00
gdp_growth,economic_cycle,PL,,A,2019-01-01,2025-12-31,7,0,2026-07-13,2026-09-28T01:56:29+00:00
gdp_growth,economic_cycle,RO,,A,2019-01-01,2025-12-31,7,0,2026-07-13,2026-09-28T01:56:29+00:00
hicp_inflation,cost_of_living,BG,,M,2019-01-01,2026-08-31,92,0,2026-09-17T11:00:00+0200,2026-09-28T01:56:20+00:00
hicp_inflation,cost_of_living,GR,,M,2019-01-01,2026-08-31,92,0,2026-09-17T11:00:00+0200,2026-09-28T01:56:20+00:00
hicp_inflation,cost_of_living,IE,,M,2019-01-01,2026-08-31,92,0,2026-09-17T11:00:00+0200,2026-09-28T01:56:20+00:00
hicp_inflation,cost_of_living,IT,,M,2019-01-01,2026-08-31,92,0,2026-09-17T11:00:00+0200,2026-09-28T01:56:20+00:00
hicp_inflation,cost_of_living,PL,,M,2019-01-01,2026-08-31,92,0,2026-09-17T11:00:00+0200,2026-09-28T01:56:20+00:00
hicp_inflation,cost_of_living,RO,,M,2019-01-01,2026-08-31,92,0,2026-09-17T11:00:00+0200,2026-09-28T01:56:20+00:00
hicp_inflation_first_release,cost_of_living,BG,FIN,M,2019-01-01,2026-08-31,92,0,2026-09-17T11:00:00+0200,2026-09-28T01:56:21+00:00
hicp_inflation_first_release,cost_of_living,BG,FLS,M,2026-01-01,2026-08-31,8,0,2026-09-17T11:00:00+0200,2026-09-28T01:56:21+00:00
hicp_inflation_first_release,cost_of_living,GR,FIN,M,2019-01-01,2026-08-31,92,0,2026-09-17T11:00:00+0200,2026-09-28T01:56:21+00:00
hicp_inflation_first_release,cost_of_living,GR,FLS,M,2026-01-01,2026-08-31,8,0,2026-09-17T11:00:00+0200,2026-09-28T01:56:21+00:00
hicp_inflation_first_release,cost_of_living,IE,FIN,M,2019-01-01,2026-08-31,92,0,2026-09-17T11:00:00+0200,2026-09-28T01:56:21+00:00
hicp_inflation_first_release,cost_of_living,IE,FLS,M,2026-01-01,2026-08-31,8,0,2026-09-17T11:00:00+0200,2026-09-28T01:56:21+00:00
hicp_inflation_first_release,cost_of_living,IT,FIN,M,2019-01-01,2026-08-31,92,0,2026-09-17T11:00:00+0200,2026-09-28T01:56:21+00:00
hicp_inflation_first_release,cost_of_living,IT,FLS,M,2026-01-01,2026-08-31,8,0,2026-09-17T11:00:00+0200,2026-09-28T01:56:21+00:00
hicp_inflation_first_release,cost_of_living,PL,FIN,M,2019-01-01,2026-08-31,92,0,2026-09-17T11:00:00+0200,2026-09-28T01:56:21+00:00
hicp_inflation_first_release,cost_of_living,RO,FIN,M,2019-01-01,2026-08-31,92,0,2026-09-17T11:00:00+0200,2026-09-28T01:56:21+00:00
job_vacancy_rate,labour_demand,BG,,Q,2019-01-01,2026-06-30,30,0,2026-09-15T11:00:00+0200,2026-09-28T01:56:20+00:00
job_vacancy_rate,labour_demand,GR,,Q,2019-01-01,2026-06-30,30,0,2026-09-15T11:00:00+0200,2026-09-28T01:56:20+00:00
job_vacancy_rate,labour_demand,IE,,Q,2019-01-01,2026-06-30,30,0,2026-09-15T11:00:00+0200,2026-09-28T01:56:20+00:00
job_vacancy_rate,labour_demand,IT,,Q,2019-01-01,2026-06-30,30,0,2026-09-15T11:00:00+0200,2026-09-28T01:56:20+00:00
job_vacancy_rate,labour_demand,PL,,Q,2019-01-01,2026-06-30,30,0,2026-09-15T11:00:00+0200,2026-09-28T01:56:20+00:00
job_vacancy_rate,labour_demand,RO,,Q,2019-01-01,2026-06-30,30,0,2026-09-15T11:00:00+0200,2026-09-28T01:56:20+00:00
unemployment_rate,labour_supply,BG,,M,2019-01-01,2026-07-31,91,0,2026-09-22T11:00:00+0200,2026-09-28T01:56:19+00:00
unemployment_rate,labour_supply,GR,,M,2019-01-01,2026-07-31,91,0,2026-09-22T11:00:00+0200,2026-09-28T01:56:19+00:00
unemployment_rate,labour_supply,IE,,M,2019-01-01,2026-08-31,92,0,2026-09-22T11:00:00+0200,2026-09-28T01:56:19+00:00
unemployment_rate,labour_supply,IT,,M,2019-01-01,2026-07-31,91,0,2026-09-22T11:00:00+0200,2026-09-28T01:56:19+00:00
unemployment_rate,labour_supply,PL,,M,2019-01-01,2026-07-31,91,0,2026-09-22T11:00:00+0200,2026-09-28T01:56:19+00:00
unemployment_rate,labour_supply,RO,,M,2019-01-01,2026-07-31,91,0,2026-09-22T11:00:00+0200,2026-09-28T01:56:19+00:00
