domain,rule_id,record_key,detail
workforce,WF_CAREER_LEVEL_ALIAS,ACP000102,103
workforce,WF_CAREER_LEVEL_ALIAS,ACP000334,335
workforce,WF_CAREER_LEVEL_ALIAS,ACP000566,567
workforce,WF_CAREER_LEVEL_ALIAS,ACP000798,799
workforce,WF_CAREER_LEVEL_ALIAS,ACP001030,1031
workforce,WF_CAREER_LEVEL_ALIAS,ACP001262,1263
workforce,WF_CAREER_LEVEL_ALIAS,ACP001494,1495
workforce,WF_CAREER_LEVEL_ALIAS,ACP001726,1727
workforce,WF_CAREER_LEVEL_ALIAS,ACP001958,1959
workforce,WF_CAREER_LEVEL_ALIAS,ACP002190,2191
workforce,WF_COUNTRY_ALIAS,ACP000073,74
workforce,WF_COUNTRY_ALIAS,ACP000405,406
workforce,WF_COUNTRY_ALIAS,ACP000737,738
workforce,WF_COUNTRY_ALIAS,ACP001069,1070
workforce,WF_COUNTRY_ALIAS,ACP001401,1402
workforce,WF_COUNTRY_ALIAS,ACP001733,1734
workforce,WF_COUNTRY_ALIAS,ACP002065,2066
workforce,WF_COUNTRY_ALIAS,ACP002321,2322
workforce,WF_COUNTRY_MISSING,ACP000120,121
workforce,WF_COUNTRY_MISSING,ACP000368,369
workforce,WF_COUNTRY_MISSING,ACP000616,617
workforce,WF_COUNTRY_MISSING,ACP000864,865
workforce,WF_COUNTRY_MISSING,ACP001112,1113
workforce,WF_COUNTRY_MISSING,ACP001360,1361
workforce,WF_COUNTRY_MISSING,ACP001608,1609
workforce,WF_COUNTRY_MISSING,ACP001856,1857
workforce,WF_COUNTRY_MISSING,ACP002104,2105
workforce,WF_EOC_ON_PERMANENT,ACP000016,17
workforce,WF_EOC_ON_PERMANENT,ACP000019,20
workforce,WF_EOC_ON_PERMANENT,ACP000053,54
workforce,WF_EOC_ON_PERMANENT,ACP000057,58
workforce,WF_EOC_ON_PERMANENT,ACP000071,72
workforce,WF_EOC_ON_PERMANENT,ACP000091,92
workforce,WF_EOC_ON_PERMANENT,ACP000098,99
workforce,WF_EOC_ON_PERMANENT,ACP000137,138
workforce,WF_EOC_ON_PERMANENT,ACP000147,148
workforce,WF_EOC_ON_PERMANENT,ACP000150,151
workforce,WF_EOC_ON_PERMANENT,ACP000177,178
workforce,WF_EOC_ON_PERMANENT,ACP000181,182
workforce,WF_EOC_ON_PERMANENT,ACP000185,186
workforce,WF_EOC_ON_PERMANENT,ACP000189,190
workforce,WF_EOC_ON_PERMANENT,ACP000212,213
workforce,WF_EOC_ON_PERMANENT,ACP000248,249
workforce,WF_EOC_ON_PERMANENT,ACP000257,258
workforce,WF_EOC_ON_PERMANENT,ACP000263,264
workforce,WF_EOC_ON_PERMANENT,ACP000322,323
workforce,WF_EOC_ON_PERMANENT,ACP000330,331
workforce,WF_EOC_ON_PERMANENT,ACP000351,352
workforce,WF_EOC_ON_PERMANENT,ACP000356,357
workforce,WF_EOC_ON_PERMANENT,ACP000459,460
workforce,WF_EOC_ON_PERMANENT,ACP000475,476
workforce,WF_EOC_ON_PERMANENT,ACP000480,481
workforce,WF_EOC_ON_PERMANENT,ACP000516,517
workforce,WF_EOC_ON_PERMANENT,ACP000540,541
workforce,WF_EOC_ON_PERMANENT,ACP000559,560
workforce,WF_EOC_ON_PERMANENT,ACP000575,576
workforce,WF_EOC_ON_PERMANENT,ACP000609,610
workforce,WF_EOC_ON_PERMANENT,ACP000638,639
workforce,WF_EOC_ON_PERMANENT,ACP000673,674
workforce,WF_EOC_ON_PERMANENT,ACP000681,682
workforce,WF_EOC_ON_PERMANENT,ACP000697,698
workforce,WF_EOC_ON_PERMANENT,ACP000739,740
workforce,WF_EOC_ON_PERMANENT,ACP000789,790
workforce,WF_EOC_ON_PERMANENT,ACP000809,810
workforce,WF_EOC_ON_PERMANENT,ACP000824,825
workforce,WF_EOC_ON_PERMANENT,ACP000843,844
workforce,WF_EOC_ON_PERMANENT,ACP000870,871
workforce,WF_EOC_ON_PERMANENT,ACP000905,906
workforce,WF_EOC_ON_PERMANENT,ACP000929,930
workforce,WF_EOC_ON_PERMANENT,ACP000949,950
workforce,WF_EOC_ON_PERMANENT,ACP000962,963
workforce,WF_EOC_ON_PERMANENT,ACP001010,1011
workforce,WF_EOC_ON_PERMANENT,ACP001025,1026
workforce,WF_EOC_ON_PERMANENT,ACP001073,1074
workforce,WF_EOC_ON_PERMANENT,ACP001077,1078
workforce,WF_EOC_ON_PERMANENT,ACP001102,1103
workforce,WF_EOC_ON_PERMANENT,ACP001103,1104
workforce,WF_EOC_ON_PERMANENT,ACP001145,1146
workforce,WF_EOC_ON_PERMANENT,ACP001178,1179
workforce,WF_EOC_ON_PERMANENT,ACP001180,1181
workforce,WF_EOC_ON_PERMANENT,ACP001197,1198
workforce,WF_EOC_ON_PERMANENT,ACP001261,1262
workforce,WF_EOC_ON_PERMANENT,ACP001269,1270
workforce,WF_EOC_ON_PERMANENT,ACP001279,1280
workforce,WF_EOC_ON_PERMANENT,ACP001327,1328
workforce,WF_EOC_ON_PERMANENT,ACP001483,1484
workforce,WF_EOC_ON_PERMANENT,ACP001485,1486
workforce,WF_EOC_ON_PERMANENT,ACP001550,1551
workforce,WF_EOC_ON_PERMANENT,ACP001562,1563
workforce,WF_EOC_ON_PERMANENT,ACP001580,1581
workforce,WF_EOC_ON_PERMANENT,ACP001606,1607
workforce,WF_EOC_ON_PERMANENT,ACP001619,1620
workforce,WF_EOC_ON_PERMANENT,ACP001712,1713
workforce,WF_EOC_ON_PERMANENT,ACP001727,1728
workforce,WF_EOC_ON_PERMANENT,ACP001728,1729
workforce,WF_EOC_ON_PERMANENT,ACP001768,1769
workforce,WF_EOC_ON_PERMANENT,ACP001780,1781
workforce,WF_EOC_ON_PERMANENT,ACP001787,1788
workforce,WF_EOC_ON_PERMANENT,ACP001796,1797
workforce,WF_EOC_ON_PERMANENT,ACP001910,1911
workforce,WF_EOC_ON_PERMANENT,ACP001923,1924
workforce,WF_EOC_ON_PERMANENT,ACP001932,1933
workforce,WF_EOC_ON_PERMANENT,ACP001939,1940
workforce,WF_EOC_ON_PERMANENT,ACP001941,1942
workforce,WF_EOC_ON_PERMANENT,ACP001954,1955
workforce,WF_EOC_ON_PERMANENT,ACP001959,1960
workforce,WF_EOC_ON_PERMANENT,ACP002049,2050
workforce,WF_EOC_ON_PERMANENT,ACP002090,2091
workforce,WF_EOC_ON_PERMANENT,ACP002119,2120
workforce,WF_EOC_ON_PERMANENT,ACP002121,2122
workforce,WF_EOC_ON_PERMANENT,ACP002155,2156
workforce,WF_EOC_ON_PERMANENT,ACP002243,2244
workforce,WF_EOC_ON_PERMANENT,ACP002281,2282
workforce,WF_EOC_ON_PERMANENT,ACP002303,2304
workforce,WF_EOC_ON_PERMANENT,ACP002330,2331
workforce,WF_EOC_ON_PERMANENT,ACP002348,2349
workforce,WF_EOC_ON_PERMANENT,ACP002362,2363
workforce,WF_EXACT_DUPLICATE,ACP000045,2402
workforce,WF_EXACT_DUPLICATE,ACP000389,2403
workforce,WF_EXACT_DUPLICATE,ACP000723,2404
workforce,WF_EXACT_DUPLICATE,ACP001056,2405
workforce,WF_EXACT_DUPLICATE,ACP001400,2406
workforce,WF_EXACT_DUPLICATE,ACP001745,2407
workforce,WF_EXACT_DUPLICATE,ACP002112,2408
workforce,WF_HIRE_DATE_MISSING,ACP000159,160
workforce,WF_HIRE_DATE_MISSING,ACP000560,561
workforce,WF_HIRE_DATE_MISSING,ACP000961,962
workforce,WF_HIRE_DATE_MISSING,ACP001362,1363
workforce,WF_HIRE_DATE_MISSING,ACP001763,1764
workforce,WF_REGRETTED_UNKNOWN,ACP000534,535
workforce,WF_REGRETTED_UNKNOWN,ACP001068,1069
workforce,WF_TERMINATION_BEFORE_HIRE,ACP000206,207
workforce,WF_TERMINATION_BEFORE_HIRE,ACP000607,608
workforce,WF_TERMINATION_BEFORE_HIRE,ACP001008,1009
workforce,WF_TERMINATION_BEFORE_HIRE,ACP001409,1410
workforce,WF_TERMINATION_BEFORE_HIRE,ACP001810,1811
workforce,WF_TERMINATION_TYPE_MISSING,ACP000089,90
workforce,WF_TERMINATION_TYPE_MISSING,ACP000267,268
workforce,WF_TERMINATION_TYPE_MISSING,ACP000445,446
workforce,WF_TERMINATION_TYPE_MISSING,ACP000623,624
workforce,WF_TERMINATION_TYPE_MISSING,ACP000801,802
workforce,WF_TERMINATION_TYPE_MISSING,ACP000979,980
workforce,WF_TERMINATION_TYPE_MISSING,ACP001157,1158
workforce,WF_TERMINATION_TYPE_MISSING,ACP001335,1336
workforce,WF_TERMINATION_TYPE_MISSING,ACP001513,1514
workforce,WF_TERMINATION_TYPE_MISSING,ACP001691,1692
workforce,WF_TERMINATION_TYPE_MISSING,ACP001869,1870
workforce,WF_TERMINATION_TYPE_MISSING,ACP002047,2048
workforce,WF_TERMINATION_TYPE_MISSING,ACP002225,2226
external,EX_PERIOD_GAP,economic_sentiment:IT,2020-04-01
external,EX_STATUS_FLAGGED,hicp_inflation_first_release:BG,2026-01:FLS
external,EX_STATUS_FLAGGED,hicp_inflation_first_release:BG,2026-02:FLS
external,EX_STATUS_FLAGGED,hicp_inflation_first_release:BG,2026-03:FLS
external,EX_STATUS_FLAGGED,hicp_inflation_first_release:BG,2026-04:FLS
external,EX_STATUS_FLAGGED,hicp_inflation_first_release:BG,2026-05:FLS
external,EX_STATUS_FLAGGED,hicp_inflation_first_release:BG,2026-06:FLS
external,EX_STATUS_FLAGGED,hicp_inflation_first_release:BG,2026-07:FLS
external,EX_STATUS_FLAGGED,hicp_inflation_first_release:BG,2026-08:FLS
external,EX_STATUS_FLAGGED,hicp_inflation_first_release:EL,2026-03:FLS
external,EX_STATUS_FLAGGED,hicp_inflation_first_release:EL,2026-04:FLS
external,EX_STATUS_FLAGGED,hicp_inflation_first_release:EL,2026-05:FLS
external,EX_STATUS_FLAGGED,hicp_inflation_first_release:EL,2026-06:FLS
external,EX_STATUS_FLAGGED,hicp_inflation_first_release:EL,2026-07:FLS
external,EX_STATUS_FLAGGED,hicp_inflation_first_release:EL,2026-08:FLS
external,EX_STATUS_FLAGGED,hicp_inflation_first_release:IE,2026-01:FLS
external,EX_STATUS_FLAGGED,hicp_inflation_first_release:IE,2026-02:FLS
external,EX_STATUS_FLAGGED,hicp_inflation_first_release:IE,2026-03:FLS
external,EX_STATUS_FLAGGED,hicp_inflation_first_release:IE,2026-04:FLS
external,EX_STATUS_FLAGGED,hicp_inflation_first_release:IE,2026-05:FLS
external,EX_STATUS_FLAGGED,hicp_inflation_first_release:IE,2026-06:FLS
external,EX_STATUS_FLAGGED,hicp_inflation_first_release:IE,2026-07:FLS
external,EX_STATUS_FLAGGED,hicp_inflation_first_release:IE,2026-08:FLS
external,EX_STATUS_FLAGGED,hicp_inflation_first_release:IT,2026-01:FLS
external,EX_STATUS_FLAGGED,hicp_inflation_first_release:IT,2026-02:FLS
external,EX_STATUS_FLAGGED,hicp_inflation_first_release:IT,2026-03:FLS
external,EX_STATUS_FLAGGED,hicp_inflation_first_release:IT,2026-04:FLS
external,EX_STATUS_FLAGGED,hicp_inflation_first_release:IT,2026-05:FLS
external,EX_STATUS_FLAGGED,hicp_inflation_first_release:IT,2026-06:FLS
external,EX_STATUS_FLAGGED,hicp_inflation_first_release:IT,2026-07:FLS
external,EX_STATUS_FLAGGED,hicp_inflation_first_release:IT,2026-08:FLS
external,EX_STATUS_FLAGGED,job_vacancy_rate:BG,2024-Q1
external,EX_STATUS_FLAGGED,job_vacancy_rate:BG,2024-Q2
external,EX_STATUS_FLAGGED,job_vacancy_rate:BG,2024-Q3
external,EX_STATUS_FLAGGED,job_vacancy_rate:BG,2024-Q4
external,EX_STATUS_FLAGGED,job_vacancy_rate:BG,2025-Q1
external,EX_STATUS_FLAGGED,job_vacancy_rate:BG,2025-Q2
external,EX_STATUS_FLAGGED,job_vacancy_rate:BG,2025-Q3
external,EX_STATUS_FLAGGED,job_vacancy_rate:BG,2025-Q4
external,EX_STATUS_FLAGGED,job_vacancy_rate:BG,2026-Q1
external,EX_STATUS_FLAGGED,job_vacancy_rate:BG,2026-Q2
external,EX_STATUS_FLAGGED,job_vacancy_rate:IE,2026-Q2
external,EX_STATUS_FLAGGED,job_vacancy_rate:IT,2019-Q1
external,EX_STATUS_FLAGGED,job_vacancy_rate:IT,2019-Q2
external,EX_STATUS_FLAGGED,job_vacancy_rate:IT,2019-Q3
external,EX_STATUS_FLAGGED,job_vacancy_rate:IT,2019-Q4
external,EX_STATUS_FLAGGED,job_vacancy_rate:IT,2020-Q1
external,EX_STATUS_FLAGGED,job_vacancy_rate:IT,2020-Q2
external,EX_STATUS_FLAGGED,job_vacancy_rate:IT,2020-Q3
external,EX_STATUS_FLAGGED,job_vacancy_rate:IT,2020-Q4
external,EX_STATUS_FLAGGED,job_vacancy_rate:IT,2021-Q1
external,EX_STATUS_FLAGGED,job_vacancy_rate:IT,2021-Q2
external,EX_STATUS_FLAGGED,job_vacancy_rate:IT,2021-Q3
external,EX_STATUS_FLAGGED,job_vacancy_rate:IT,2021-Q4
external,EX_STATUS_FLAGGED,job_vacancy_rate:IT,2022-Q1
external,EX_STATUS_FLAGGED,job_vacancy_rate:IT,2022-Q2
external,EX_STATUS_FLAGGED,job_vacancy_rate:IT,2022-Q3
external,EX_STATUS_FLAGGED,job_vacancy_rate:IT,2022-Q4
external,EX_STATUS_FLAGGED,job_vacancy_rate:IT,2023-Q1
external,EX_STATUS_FLAGGED,job_vacancy_rate:IT,2023-Q2
external,EX_STATUS_FLAGGED,job_vacancy_rate:IT,2023-Q3
external,EX_STATUS_FLAGGED,job_vacancy_rate:IT,2023-Q4
external,EX_STATUS_FLAGGED,job_vacancy_rate:IT,2024-Q1
external,EX_STATUS_FLAGGED,job_vacancy_rate:IT,2024-Q2
external,EX_STATUS_FLAGGED,job_vacancy_rate:IT,2024-Q3
external,EX_STATUS_FLAGGED,job_vacancy_rate:IT,2024-Q4
external,EX_STATUS_FLAGGED,job_vacancy_rate:IT,2025-Q1
external,EX_STATUS_FLAGGED,job_vacancy_rate:IT,2025-Q2
external,EX_STATUS_FLAGGED,job_vacancy_rate:IT,2025-Q3
external,EX_STATUS_FLAGGED,job_vacancy_rate:IT,2025-Q4
external,EX_STATUS_FLAGGED,job_vacancy_rate:IT,2026-Q1
external,EX_STATUS_FLAGGED,job_vacancy_rate:IT,2026-Q2
